<?xml version="1.0" encoding="UTF-8"?> 
    <beans xmlns="http://www.springframework.org/schema/beans"  
        xmlns:xsi="http://www.w3.org/2001/XMLSchema-instance"   
        xmlns:context="http://www.springframework.org/schema/context"  
        xmlns:mvc="http://www.springframework.org/schema/mvc"  
        xsi:schemaLocation="  
            http://www.springframework.org/schema/beans  
            http://www.springframework.org/schema/beans/spring-beans.xsd  
            http://www.springframework.org/schema/context  
            http://www.springframework.org/schema/context/spring-context.xsd  
            http://www.springframework.org/schema/mvc  
            http://www.springframework.org/schema/mvc/spring-mvc.xsd">  
   <!--   <context:component-scan base-package="com.javatpoint"></context:component-scan>   -->
     <context:component-scan base-package="com.cdac.emp"></context:component-scan>   
        
    <bean class="org.springframework.web.servlet.view.InternalResourceViewResolver">    
    <property name="prefix" value="/WEB-INF/jsp/"></property>    
    <property name="suffix" value=".jsp"></property>    
    </bean>    
        
    <bean id="ds" class="org.springframework.jdbc.datasource.DriverManagerDataSource">    
    <property name="driverClassName" value="com.mysql.jdbc.Driver"></property>    
    <property name="url" value="jdbc:mysql://localhost:3306/Employee"></property>    
    <property name="username" value="root"></property>    
    <property name="password" value="Sonali@123"></property>    
    </bean>    
        
    <bean id="jt" class="org.springframework.jdbc.core.JdbcTemplate">    
    <property name="dataSource" ref="ds"></property>    
    </bean>    
        <bean id="dao" class="com.cdac.emp.dao.EmpDao">  
    <!-- <bean id="dao" class="com.javatpoint.dao.EmpDao">   -->  
    <property name="template" ref="jt"></property>    
    </bean>    
       
	 <bean id="messageSource" class="org.springframework.context.support.ResourceBundleMessageSource">
        <property name="basename" value="messages" />
    </bean>
	
	
    </beans>  